epoch,time,train/box_loss,train/seg_loss,train/cls_loss,train/dfl_loss,train/sem_loss,metrics/precision(B),metrics/recall(B),metrics/mAP50(B),metrics/mAP50-95(B),metrics/precision(M),metrics/recall(M),metrics/mAP50(M),metrics/mAP50-95(M),val/box_loss,val/seg_loss,val/cls_loss,val/dfl_loss,val/sem_loss,lr/pg0,lr/pg1,lr/pg2
1,24.295,1.05632,3.41219,8.50354,0.02214,4.41764,0.0041,0.93478,0.16932,0.07458,0.004,0.91304,0.12253,0.06272,0.8859,3.98356,12.6009,0.02755,0,0.00034,0.00034,0.00034
2,28.6428,0.79818,1.7604,8.48106,0.01593,1.67806,0.00419,0.95652,0.20313,0.11159,0.004,0.91304,0.19094,0.11672,1.37885,5.25319,13.5648,0.04823,0,0.00068614,0.00068614,0.00068614
3,32.9896,0.92546,1.6744,7.11361,0.01703,1.39096,0.00419,0.95652,0.15068,0.06441,0.0039,0.8913,0.12708,0.05186,1.17331,4.35589,13.1354,0.03789,0,0.00101802,0.00101802,0.00101802
4,37.2067,1.00199,1.7416,6.6656,0.01807,1.45357,0.00438,1,0.24138,0.11873,0.0041,0.93478,0.18638,0.10509,0.90577,3.34078,12.5974,0.02955,0,0.00133565,0.00133565,0.00133565
5,41.3204,0.95537,1.52743,6.45755,0.01817,1.19892,0.00429,0.97826,0.17764,0.08704,0.004,0.91304,0.13824,0.06979,1.22476,4.76117,12.7518,0.0414,0,0.00163902,0.00163902,0.00163902
6,45.5331,1.21549,1.57157,6.21342,0.02299,1.14999,0.6095,0.36957,0.48002,0.24636,0.66919,0.39591,0.48247,0.28991,1.24739,2.77067,11.4336,0.04427,0,0.001802,0.001802,0.001802
7,49.8122,1.07913,1.35573,5.51096,0.02095,0.89,0.63141,0.3913,0.44539,0.14533,0.67763,0.41132,0.46309,0.17384,1.86206,2.85068,11.7057,0.0671,0,0.0017624,0.0017624,0.0017624
8,54.0362,1.09962,1.36103,4.9842,0.02193,0.8208,0.50656,0.40186,0.45215,0.18286,0.43368,0.36957,0.35962,0.15912,1.77567,3.20095,8.84797,0.06042,0,0.0017228,0.0017228,0.0017228
9,58.1803,1.12962,1.227,4.43177,0.02129,0.91522,0.46752,0.38188,0.42441,0.23703,0.46288,0.36957,0.39401,0.25234,1.28672,2.58586,6.05237,0.04357,0,0.0016832,0.0016832,0.0016832
10,62.4465,1.14984,1.4414,4.56063,0.024,1.12073,0.67478,0.49626,0.54887,0.27589,0.62087,0.45652,0.47567,0.24416,1.4564,2.41376,4.64238,0.04536,0,0.0016436,0.0016436,0.0016436
11,66.6467,1.15457,1.30695,3.92586,0.02127,0.81445,0.61105,0.44415,0.52696,0.26104,0.57501,0.43478,0.46906,0.28715,1.21874,2.56269,4.17069,0.03833,0,0.001604,0.001604,0.001604
12,70.678,1.01726,1.20071,3.56272,0.0188,0.94458,0.60082,0.52174,0.60657,0.34108,0.50394,0.47826,0.53651,0.35671,1.58773,2.23597,3.70575,0.04888,0,0.0015644,0.0015644,0.0015644
13,74.8364,1.01648,1.22487,3.43274,0.01901,0.80999,0.5532,0.61918,0.65983,0.3717,0.72314,0.45652,0.60476,0.34529,1.55284,2.42567,3.60544,0.05235,0,0.0015248,0.0015248,0.0015248
14,79.1653,0.96184,1.13777,3.16734,0.01791,0.82323,0.50113,0.50231,0.55954,0.34096,0.50255,0.45652,0.51772,0.35082,1.23103,3.0476,3.26541,0.041,0,0.0014852,0.0014852,0.0014852
15,83.187,1.02564,1.10064,3.17185,0.01965,0.8059,0.61581,0.63043,0.6318,0.38052,0.65004,0.54348,0.59703,0.40718,1.38588,3.09314,3.04837,0.04536,0,0.0014456,0.0014456,0.0014456
16,87.3575,0.96117,1.13905,2.66496,0.01818,0.73401,0.73705,0.60938,0.66169,0.3818,0.72853,0.58348,0.62351,0.41907,1.3484,2.09151,3.01645,0.04614,0,0.001406,0.001406,0.001406
17,91.5137,1.00563,1.05983,2.78092,0.01967,0.68908,0.55466,0.69565,0.6604,0.34201,0.51793,0.65217,0.60269,0.38787,1.50453,2.10832,3.12217,0.04848,0,0.0013664,0.0013664,0.0013664
18,95.6239,1.09106,1.03457,2.68728,0.02115,0.71274,0.6389,0.65392,0.6483,0.3414,0.62009,0.63879,0.59755,0.38191,1.42832,2.26709,3.13902,0.05039,0,0.0013268,0.0013268,0.0013268
19,99.6948,0.99297,0.99965,2.42587,0.01958,0.70434,0.62001,0.67391,0.68178,0.361,0.56867,0.67391,0.63297,0.40465,1.60643,2.2874,2.79302,0.0538,0,0.0012872,0.0012872,0.0012872
20,103.737,1.05803,1.00365,2.2396,0.02076,0.80125,0.78393,0.65217,0.80117,0.48094,0.70071,0.6108,0.72026,0.4953,1.41504,1.99373,2.42337,0.04482,0,0.0012476,0.0012476,0.0012476
21,107.874,0.99013,1.052,2.07217,0.01869,0.70077,0.72826,0.75745,0.81499,0.49547,0.64505,0.67166,0.67747,0.48476,1.34728,2.0673,2.43963,0.04442,0,0.001208,0.001208,0.001208
22,112.009,0.96724,0.91291,1.87728,0.01895,0.59246,0.88684,0.65217,0.81947,0.41377,0.82691,0.6087,0.73239,0.42165,1.5663,2.13743,2.53822,0.05461,0,0.0011684,0.0011684,0.0011684
23,116.432,0.96258,0.89166,1.99679,0.01876,0.55208,0.75482,0.66936,0.7511,0.40815,0.70712,0.62984,0.66485,0.44173,1.66038,2.13038,2.27586,0.05239,0,0.0011288,0.0011288,0.0011288
24,120.538,1.04773,1.049,1.78564,0.02,0.71451,0.59009,0.75117,0.70778,0.39485,0.52102,0.66222,0.59818,0.41127,1.56474,2.1877,2.22281,0.04859,0,0.0010892,0.0010892,0.0010892
25,124.608,1.04594,0.8986,1.79575,0.01988,0.52025,0.74447,0.76003,0.7822,0.43747,0.69303,0.67391,0.67822,0.43996,1.46032,2.02156,1.75917,0.04752,0,0.0010496,0.0010496,0.0010496
26,128.887,0.90734,0.86874,1.51832,0.0166,0.52307,0.87001,0.72765,0.82821,0.51761,0.79403,0.67053,0.72081,0.49262,1.47803,1.79624,1.55978,0.05189,0,0.00101,0.00101,0.00101
27,132.965,0.89299,0.88581,1.45574,0.01548,0.44394,0.78864,0.81125,0.81324,0.55395,0.74551,0.76424,0.76791,0.57173,1.13697,1.59858,1.63076,0.0389,0,0.0009704,0.0009704,0.0009704
28,137.043,0.86642,0.92201,1.6321,0.01669,0.47414,0.77842,0.73913,0.80695,0.55507,0.72955,0.69565,0.73616,0.54392,1.19575,1.55971,1.33751,0.0389,0,0.0009308,0.0009308,0.0009308
29,141.136,0.837,1.05249,1.51638,0.01477,0.56667,0.90721,0.78261,0.8713,0.57453,0.89401,0.73359,0.79075,0.58096,1.32696,2.05985,1.17737,0.04473,0,0.0008912,0.0008912,0.0008912
30,145.277,0.82303,0.95678,1.34764,0.01386,0.45304,0.70207,0.80435,0.8154,0.53206,0.662,0.76087,0.76858,0.53302,1.23565,1.72398,1.30775,0.04229,0,0.0008516,0.0008516,0.0008516
31,149.615,0.84406,0.86195,1.38145,0.01584,0.58723,0.91095,0.66728,0.8351,0.54864,0.88127,0.64554,0.78144,0.53721,1.28922,1.78664,1.26615,0.0441,0,0.000812,0.000812,0.000812
32,153.858,0.75895,0.76737,1.1764,0.01471,0.48794,0.73163,0.65192,0.78081,0.49264,0.70195,0.63043,0.72658,0.50003,1.26569,1.60211,1.64117,0.04178,0,0.0007724,0.0007724,0.0007724
33,158.11,0.74502,0.81263,1.23097,0.01351,0.47145,0.78936,0.73913,0.78929,0.50836,0.72972,0.69565,0.721,0.52283,1.27187,1.66383,1.39364,0.04274,0,0.0007328,0.0007328,0.0007328
34,162.452,0.74115,0.81947,1.10567,0.01203,0.44345,0.80747,0.76087,0.80375,0.57044,0.77932,0.73913,0.75817,0.56804,1.2051,2.08945,1.07251,0.03908,0,0.0006932,0.0006932,0.0006932
35,166.674,0.76952,0.75606,1.22632,0.01408,0.54518,0.80894,0.82609,0.82823,0.56835,0.7322,0.73913,0.72227,0.53799,1.2623,2.15314,1.01486,0.04092,0,0.0006536,0.0006536,0.0006536
36,170.883,0.81683,0.828,1.23595,0.01478,0.46655,0.86841,0.71732,0.8086,0.55361,0.77891,0.6894,0.72018,0.5305,1.22713,2.19647,1.04808,0.0395,0,0.000614,0.000614,0.000614
37,174.999,0.72145,0.71895,1.0629,0.01338,0.44126,0.81708,0.78261,0.81532,0.54323,0.79397,0.76087,0.76061,0.55458,1.27626,2.22508,0.97774,0.04228,0,0.0005744,0.0005744,0.0005744
38,179.207,0.72731,0.78718,1.13036,0.01383,0.50555,0.8737,0.75204,0.83675,0.57179,0.82326,0.70898,0.76551,0.57579,1.28593,1.87759,1.06596,0.0394,0,0.0005348,0.0005348,0.0005348
39,183.263,0.7674,0.75066,1.09961,0.0137,0.4724,0.78949,0.81542,0.84749,0.58118,0.73502,0.78396,0.77124,0.60212,1.26086,1.80194,1.07046,0.03936,0,0.0004952,0.0004952,0.0004952
40,187.465,0.69426,0.697,1.02157,0.01221,0.37957,0.82791,0.78261,0.84443,0.58296,0.80864,0.735,0.76327,0.6109,1.26691,1.80469,0.9498,0.03969,0,0.0004556,0.0004556,0.0004556
41,197.026,0.84857,0.83934,2.22402,0.02546,0.50538,0.88357,0.80435,0.87424,0.57663,0.81156,0.73913,0.76335,0.59557,1.25562,1.94024,0.88141,0.03955,0,0.000416,0.000416,0.000416
42,201.106,0.7447,0.62209,1.91798,0.02347,0.41014,0.74024,0.80539,0.81831,0.56196,0.71135,0.69648,0.73604,0.53678,1.26481,2.00195,0.92234,0.03902,0,0.0003764,0.0003764,0.0003764
43,205.313,0.64644,0.60904,1.86754,0.01973,0.426,0.7153,0.76087,0.75964,0.51398,0.67306,0.73913,0.69867,0.4818,1.27673,1.87859,1.14067,0.03778,0,0.0003368,0.0003368,0.0003368
44,209.401,0.67035,0.59371,1.81579,0.01954,0.40322,0.75779,0.76087,0.78222,0.52987,0.72906,0.70206,0.69839,0.49011,1.24684,1.93415,1.06137,0.0384,0,0.0002972,0.0002972,0.0002972
45,213.359,0.68572,0.57337,1.7191,0.02016,0.35862,0.73257,0.71739,0.80835,0.56986,0.70933,0.69565,0.7423,0.54052,1.11618,1.92483,1.05612,0.0347,0,0.0002576,0.0002576,0.0002576
46,217.365,0.72391,0.57221,1.69715,0.02181,0.4085,0.77006,0.72817,0.82481,0.60103,0.7625,0.69565,0.76693,0.58051,1.13261,1.9584,0.87427,0.03576,0,0.000218,0.000218,0.000218
47,221.412,0.63183,0.54374,1.64467,0.01846,0.33416,0.86463,0.67391,0.81828,0.58756,0.83674,0.65217,0.75482,0.58632,1.16319,1.93223,0.9832,0.03647,0,0.0001784,0.0001784,0.0001784
48,225.513,0.67805,0.57484,1.6719,0.01854,0.42493,0.89097,0.7107,0.83085,0.58524,0.86392,0.69018,0.76853,0.58538,1.23795,1.94912,1.05806,0.039,0,0.0001388,0.0001388,0.0001388
49,229.527,0.7161,0.59931,1.66278,0.02175,0.49889,0.92036,0.75383,0.83359,0.58399,0.89385,0.73237,0.77722,0.58882,1.28271,1.94039,1.00581,0.04109,0,9.92e-05,9.92e-05,9.92e-05
50,233.573,0.69307,0.62799,1.65873,0.02053,0.49696,0.87318,0.74854,0.82626,0.58441,0.84798,0.72769,0.77548,0.58491,1.24037,1.77983,1.02228,0.03985,0,5.96e-05,5.96e-05,5.96e-05
